,logFC,AveExpr,t,P.Value,adj.P.Val,B
ORC1,-0.368684187315302,2.51826838631979,-18.9732608810737,6.80479926141578e-47,5.55033451757378e-43,96.0274597033925
EXO1,-0.420514724344502,2.84111720538642,-18.5336322146038,1.40967804481442e-45,7.6653593150192e-42,93.0288111957538
FBXO5,-0.358357280062183,2.95238444804844,-17.6340503349136,7.371976347375e-43,1.71798643078183e-39,86.833739809686
SPC25,-0.565405179302209,2.63237514556188,-17.365944100525,4.82820894117308e-42,9.84532155716956e-39,84.9731930016769
SKA1,-0.49080796725905,2.47250460485419,-17.1735520931063,1.86662363571263e-41,3.36238607209066e-38,83.6343676631221
MCM2,-0.352305651257176,3.24473879183,-17.1169476607609,2.78022896051353e-41,4.12307954844156e-38,83.2398980934109
RFC4,-0.31372945727084,3.26300484185494,-17.0531048882415,4.35871156594501e-41,5.46951244425084e-38,82.7946824799662
FEN1,-0.271654885355542,3.18464499875767,-17.042104513515,4.70997772887412e-41,5.48813333508025e-38,82.7179378795327
RNASEH2A,-0.281593107818365,3.20559132422869,-16.9529831590704,8.82819909442554e-41,9.23152204277554e-38,82.0958354028212
E2F7,-0.369180517163504,2.66914047951631,-16.9493961477456,9.05439543213441e-41,9.23152204277554e-38,82.0707839473044
CENPF,-0.391424596248245,2.69608586654516,-16.7041273818235,5.11797345772785e-40,4.9111471185832e-37,80.3555791993198
BRIP1,-0.409423369915846,2.62553545816516,-16.68684272051,5.78335194816979e-40,4.97183232912685e-37,80.2345403676279
ARHGAP11A,-0.353051024701845,2.3052114726402,-16.4468576469289,3.16287511498217e-39,2.24330355437844e-36,78.5518717335547
CCNE2,-0.514852258262082,2.85086813691459,-16.4022638991538,4.33888506009056e-39,2.94917633271905e-36,78.2387753950792
ZNF367,-0.366586448182244,2.91977118136974,-16.2072176244793,1.73188565365411e-38,1.00900895243069e-35,76.8678554332239
SMC2,-0.275661236428729,2.88100167433314,-16.1394603031531,2.80272961289405e-38,1.57658373017727e-35,76.3910650566196
PSRC1,-0.32262131123242,2.94563423124618,-16.1092500245273,3.47400616712385e-38,1.88904875347638e-35,76.1783959858057
TYMS,-0.28799483359609,3.02333567702575,-16.0337834077065,5.94113122270036e-38,3.12637656890035e-35,75.6469092725754
CDCA8,-0.315337560673833,3.03396301275152,-15.8159975408519,2.79982633444617e-37,1.3433402057006e-34,74.1113550775062
STIL,-0.361476054218507,2.95803484363285,-15.7668844840593,3.9728699752723e-37,1.85169794018906e-34,73.7647281242679
RAD54L,-0.292841802146775,2.86141184360271,-15.7487052395153,4.52241446803387e-37,2.0492818671399e-34,73.636393265169
KIF2C,-0.389164014199705,2.97928992769113,-15.7234531999087,5.41425369094054e-37,2.38710055298143e-34,73.4581016265557
FANCI,-0.300423911306894,2.88746050431352,-15.7150678239002,5.74776008875927e-37,2.42404045529649e-34,73.3988899325699
WDR76,-0.330354731803035,2.45111807496101,-15.5193559180317,2.32163333993786e-36,8.80762899404796e-34,72.0159743048985
KIF18A,-0.420699453509669,2.72658991370048,-15.5079827583089,2.51796061407589e-36,9.14925338306441e-34,71.9355577954297
CHEK1,-0.308410143573854,2.80281497299417,-15.5076552072508,2.52385460821368e-36,9.14925338306441e-34,71.9332416887311
DTL,-0.415768501334078,2.98389454165522,-15.4446347078568,3.95787685145573e-36,1.31764989954688e-33,71.4875404195215
CDCA2,-0.315628878690581,2.77677939102599,-15.4291810619225,4.41964867827757e-36,1.44195457777484e-33,71.3782219799857
HELLS,-0.313572145446753,2.59628168457266,-15.4045355888367,5.2702089953084e-36,1.65332537193204e-33,71.2038608050194
DEPDC1B,-0.52051693527416,2.67771454203722,-15.3368392737748,8.54764893423199e-36,2.53523267389321e-33,70.7248003155237
RAD51AP1,-0.382264790994427,3.10645938355139,-15.2713997842655,1.3643786613035e-35,3.97448376818642e-33,70.2615436214789
ATAD2,-0.285841562341486,2.9260508431587,-15.2416953542935,1.68710942589573e-35,4.8012193017397e-33,70.0512091888061
TCF19,-0.326937066546255,2.86093554261673,-15.2400517537539,1.70704787286767e-35,4.8012193017397e-33,70.0395700750217
NEK2,-0.476718387373925,2.83012507842535,-15.1606097913797,3.01242115702472e-35,8.0560043171384e-33,69.4768917683479
CENPL,-0.287692779785628,2.81116464646609,-15.1568603001364,3.09428450175222e-35,8.14146178662644e-33,69.450329248089
DEPDC1,-0.484266594398429,2.73723626883762,-15.0994053034019,4.66679728580462e-35,1.18952287692704e-32,69.0432434186456
CENPH,-0.286134003520222,3.06905030718601,-14.9919137728495,1.00695733551554e-34,2.38065145134276e-32,68.2813590001582
CENPU,-0.343910170236895,2.88451908546752,-14.8797895680947,2.24670313615005e-34,5.09034281389107e-32,67.4862911685395
ASPM,-0.374354740624638,2.5874414470996,-14.7848691862315,4.43310173776281e-34,9.51541955896379e-32,66.8129687905398
NUSAP1,-0.397125445322577,3.0478883958631,-14.7527057674886,5.5813844337316e-34,1.18245615931771e-31,66.5847698795891
C1orf112,-0.335771215890483,2.73932731122149,-14.7328624806006,6.43373101449533e-34,1.32852473467674e-31,66.4439712459102
TROAP,-0.263147002835358,2.90340533501197,-14.7264713732991,6.73507848400675e-34,1.37336669137003e-31,66.3986212426331
DONSON,-0.268558331810474,3.00233609535952,-14.7204227475743,7.03327249674546e-34,1.41646634863468e-31,66.355700664388
KIF14,-0.439954473561119,2.84911203010489,-14.6523150417554,1.14560052735339e-33,2.27904651252632e-31,65.8723651767817
MAD2L1,-0.350205520692865,2.92281476482752,-14.5725564101498,2.028607624519e-33,3.93960430699744e-31,65.3062438605297
SKP2,-0.354793261209613,2.89837787084282,-14.5531833628437,2.33068061515964e-33,4.4729873970705e-31,65.168720192538
OIP5,-0.420370280631321,2.84587661687796,-14.5231101259255,2.89113724203416e-33,5.42104848612682e-31,64.9552283311224
CDCA5,-0.33830494223938,3.01267866792439,-14.5160577578976,3.04099695782672e-33,5.63724811057129e-31,64.9051613215194
CDC45,-0.33024459255449,2.93829296199781,-14.4852287420465,3.79280469021619e-33,6.87466921238853e-31,64.6862887591284
HJURP,-0.38714840689023,2.93379384353799,-14.4779526073288,3.9958174317462e-33,7.140494894763e-31,64.6346296551265
UBE2T,-0.30968519023547,3.1830478386974,-14.4768676551466,4.02700625463248e-33,7.140494894763e-31,64.6269266568665
PARPBP,-0.323886497305385,2.37578423314869,-14.4623889423361,4.46729441603747e-33,7.83601868912034e-31,64.5241286397473
CDC7,-0.368996176006918,2.97096764568517,-14.4449145975822,5.06327547022387e-33,8.7869375261449e-31,64.4000586405546
NDC80,-0.517303728669903,2.89069382176075,-14.354948933804,9.64851946098505e-33,1.61915267730125e-30,63.7612431511888
CKAP2L,-0.308418316750416,2.87726276980385,-14.3186099917582,1.25192522681985e-32,2.06289456819315e-30,63.503193601489
CDK1,-0.336160095834015,2.9907759061708,-14.2534196857425,1.9976297879583e-32,3.22646878524394e-30,63.0402449293452
KIF18B,-0.347194306207689,2.9995487120931,-14.2501032965196,2.04568674380397e-32,3.27169488741903e-30,63.0166930497223
WDHD1,-0.320876768037128,2.50482983258635,-14.1509730786771,4.16336464932999e-32,6.37765283040326e-30,62.3126888027981
NCAPH,-0.333259464450405,2.83597902648657,-14.150309329292,4.1832210681858e-32,6.37765283040326e-30,62.3079749229332
NCAPG,-0.4278777402884,2.85555132327475,-14.1477149950076,4.26174465582225e-32,6.43720746022485e-30,62.2895502257107
CDCA3,-0.313949109252508,3.03560458964963,-14.1304564011966,4.82299078690758e-32,7.21811456025903e-30,62.1669814169719
PLK4,-0.26576665733885,2.4947925298132,-14.1147232609354,5.39879008579322e-32,8.00640569723135e-30,62.0552462815425
C5orf34,-0.332239125962164,2.74184034819829,-14.0714816849678,7.36062233184871e-32,1.05724310173868e-29,61.7481505257428
RACGAP1,-0.289181898073308,3.23986912294313,-14.0598583507639,8.00017781594757e-32,1.13484261488307e-29,61.6656038321211
CCNB1,-0.343913363079891,3.06543685246476,-13.9389282284149,1.90352789567026e-31,2.65403850957854e-29,60.8068145518413
BUB1B,-0.3726403239821,3.07689547732026,-13.9102643996917,2.33768173083087e-31,3.23174593856305e-29,60.6032706184898
NUF2,-0.51629828228215,2.93191705701129,-13.8664147758588,3.20093605676094e-31,4.38797225999506e-29,60.2919048967925
AURKB,-0.277138702142499,2.61531066951012,-13.8123598982149,4.71545508902405e-31,6.41026823893745e-29,59.9081010741462
LMNB1,-0.290255621227382,3.03157255783522,-13.7544713700139,7.13980239878903e-31,9.54685217470864e-29,59.4971168317687
PHGDH,-0.337043888618311,3.00979285680148,-13.7485599018498,7.44874292775031e-31,9.87897100653584e-29,59.4551504768899
TPX2,-0.406167945882276,3.13996498935636,-13.7374416574052,8.06645952394507e-31,1.05270523371293e-28,59.3762218662597
SPAG5,-0.323015768264738,3.02923205879068,-13.7355476976103,8.17667779889125e-31,1.05862019788344e-28,59.3627767968494
GINS1,-0.405086902715509,3.05663573732925,-13.6451647450886,1.56248806537074e-30,1.99131779768694e-28,58.7212234052667
AUNIP,-0.267581970206979,2.64497653628916,-13.6252374203421,1.80225139880675e-30,2.2615482360565e-28,58.5797954512041
NCAPG2,-0.280286173470968,2.94609750803391,-13.6164011875801,1.92002098088958e-30,2.3728259288827e-28,58.5170855148067
ORC6,-0.26587666727644,3.04120552477732,-13.5951835805298,2.23518712691691e-30,2.72109011950713e-28,58.3665124862289
KIF23,-0.379173808507364,2.52043487327893,-13.5647896841658,2.77883262550682e-30,3.30883916933524e-28,58.1508352911128
BIRC5,-0.398802953236862,2.93211950654592,-13.5614897856033,2.84529383283086e-30,3.33922865431438e-28,58.127420182771
UBE2S,-0.287573179810275,3.33486299800345,-13.5412340231776,3.28952277231067e-30,3.83299892747885e-28,57.983696584625
TTK,-0.514750491462789,2.91487268835488,-13.4945836210435,4.59435259216387e-30,5.31543786070704e-28,57.6527276729237
MYBL2,-0.277751771771393,3.00528003811147,-13.4685203377495,5.53702212161132e-30,6.31646446642276e-28,57.4678407129395
ESPL1,-0.315888672161455,2.96695240477384,-13.3609477810525,1.19598434898828e-29,1.30067284566972e-27,56.7049400564877
RAD54B,-0.287676169062353,2.83488359377964,-13.3486442319022,1.30607753773381e-29,1.4060522155867e-27,56.6177051822111
FOXM1,-0.384687963910413,2.96249105000976,-13.3140932718484,1.67245359685536e-29,1.72675541300642e-27,56.3727565651242
CCNA2,-0.381465144294352,2.93742678557208,-13.2950324930483,1.91685160401969e-29,1.96664152304234e-27,56.2376418521882
MKI67,-0.317595328069235,2.85241230596648,-13.2411751122199,2.81793623800502e-29,2.83759221299851e-27,55.8559333094076
TOP2A,-0.38402888086977,2.89190331442274,-13.1994315943859,3.79843520097703e-29,3.73276345985171e-27,55.5601510979456
KIF11,-0.411147290701307,2.87038698193838,-13.1806588592919,4.34422389184948e-29,4.24355235615213e-27,55.4271540918257
ASF1B,-0.271170243323704,3.02682025153764,-13.1117923458412,7.10820574830039e-29,6.7810620100599e-27,54.9393810114309
PBK,-0.449131549010913,3.05802322578418,-13.0398957378279,1.18830890497995e-28,1.10770760953931e-26,54.430355038174
KIF15,-0.401136947910337,2.77919742571751,-13.0005395594846,1.57417057615448e-28,1.44266542746113e-26,54.151810648451
ZWINT,-0.278194714958524,3.29169315166982,-12.9355705406443,2.50371382613408e-28,2.23186249430193e-26,53.6921487064752
KNTC1,-0.291254464836203,2.87695981731802,-12.9211325480207,2.77561651190193e-28,2.46079522601392e-26,53.5900263071913
PRC1,-0.333606973690036,3.14028836779095,-12.9148546979744,2.90286494026226e-28,2.55969923083775e-26,53.5456252309973
PTTG1,-0.266604231945818,3.36598788639411,-12.9116389894523,2.97028618612704e-28,2.60506873947798e-26,53.5228823944673
MCM10,-0.34635655525953,2.66770543104015,-12.8274142573431,5.41860821778225e-28,4.57998735008714e-26,52.9273996861611
MELK,-0.396905747233259,3.13776301724841,-12.76107325045,8.69813213033905e-28,7.16629441627378e-26,52.4586273025571
MLPH,0.343286848680155,3.32286687373381,12.6696009377006,1.66974856126478e-27,1.32871259902012e-25,51.8126914366155
DLGAP5,-0.5181537823468,2.94824568747925,-12.6686022619848,1.68167512600458e-27,1.33170710342295e-25,51.8056420268745
PLK1,-0.285619849072199,2.80394748766094,-12.665771449271,1.71594620517033e-27,1.35228166400694e-25,51.7856603413676
CDC20,-0.434666934235888,3.08099845007123,-12.6578945070358,1.81502357294613e-27,1.41667366246269e-25,51.7300624634429
MND1,-0.392083599217527,2.56106753759653,-12.6543676553873,1.86121742636299e-27,1.44581142267902e-25,51.7051701127511
CENPW,-0.326339057524742,3.19755400423824,-12.6304495605007,2.20703772247897e-27,1.67457704031625e-25,51.5363779553592
EZH2,-0.403710565666022,3.00238030777591,-12.5195031591468,4.86317565830537e-27,3.60604475063343e-25,50.7539059326204
DLX6,-0.37697236031876,2.35943895232826,-12.4850265278639,6.21541397593128e-27,4.4863738136888e-25,50.5109225579517
CENPK,-0.400742789275892,2.78383409496602,-12.4019933065629,1.12185685711422e-26,7.9224462814304e-25,49.9260729664205
KIF4A,-0.408445005787192,2.94655659120356,-12.3872869104611,1.2454871284915e-26,8.75759979615594e-25,49.8225406404374
KIF20A,-0.389446947863142,2.97092652601811,-12.3745272961176,1.36372036926902e-26,9.54779844801955e-25,49.7327268332061
POLE2,-0.279262916325908,2.93490047294842,-12.2578467165666,3.12351731096462e-26,2.08827614318713e-24,48.9120128433311
HOXD13,-0.283829183338455,2.41511999784818,-12.1673641072585,5.93509621013487e-26,3.88832226810964e-24,48.2763398067557
CDKN3,-0.356253096180107,3.07002685313363,-12.1575772075625,6.361569075648e-26,4.13451300123688e-24,48.2076253764347
UHRF1,-0.398232236665763,3.13673355009471,-12.1040913548373,9.29391115943602e-26,5.92232706030781e-24,47.8322475831313
RIPPLY3,-0.432999355036735,2.38592768318667,-11.9221701198692,3.36768707066407e-25,2.01974555822584e-23,46.5574648720812
GPR19,-0.315989507664413,2.52082572565482,-11.8842721557054,4.40189115013527e-25,2.58302339324304e-23,46.2923086495532
ZNF711,-0.424818362961452,2.65289067137898,-11.883506581525,4.42576332784121e-25,2.58772319595246e-23,46.2869537544374
CDC6,-0.412218516360975,2.76941494378104,-11.8476742723324,5.70030560403375e-25,3.26277492345974e-23,46.0363883172508
UBE2C,-0.339269637383393,3.29300365420638,-11.4347694339194,1.04246183409444e-23,5.38154427201979e-22,43.1594132285604
HMMR,-0.314233634578354,2.93661663981393,-11.3644170145799,1.70702833346948e-23,8.51582666785553e-22,42.6712933282252
DDIAS,-0.29256492981954,2.89180899729803,-11.2564356771069,3.63443674234342e-23,1.76980795754771e-21,41.9233822756857
CENPE,-0.308168438326271,2.84753970083359,-11.2553026143243,3.66334104322318e-23,1.7785738820863e-21,41.915542827751
IGSF9,-0.362396689260065,2.67743449506142,-11.1681092395691,6.73577083911587e-23,3.1780657347298e-21,41.3128123579101
DLX5,-0.440042909448104,2.63204657085703,-11.1641552194629,6.92422801367118e-23,3.25518534832905e-21,41.2855057151807
RRM2,-0.3288500594471,3.29051645820889,-11.1228583991506,9.23588614007188e-23,4.26813061198279e-21,41.0004443846316
NEIL3,-0.31768519696873,2.60683781445072,-11.1062343560524,1.03707616350349e-22,4.77904617379445e-21,40.8857637923218
MYB,-0.297760933331618,2.51755792995881,-11.0528402402116,1.50436270750792e-22,6.76051483404316e-21,40.5177053518907
SLC16A1,-0.348299833825465,2.74282488969347,-10.7555561472008,1.18390882825677e-21,4.79399617684004e-20,38.4766645925882
PAX6,-0.36838154065187,2.47263754877863,-10.7555059943213,1.18431953611631e-21,4.79399617684004e-20,38.476321493025
GAS2L3,-0.275107297997615,2.86491304452184,-10.7230029988422,1.48270002391185e-21,5.89933792440828e-20,38.2540573093145
CAPN8,0.484054073986728,2.68287488195348,10.6356527198284,2.70969829406367e-21,1.04297471006597e-19,37.6576493459777
CNTNAP2,-0.41602498096084,2.501691937974,-10.6119312562365,3.19107251379462e-21,1.22078479552186e-19,37.495919509125
AQP3,0.30458897086836,3.22539236665336,10.4401730120425,1.0395110067179e-20,3.73514164153945e-19,36.327996732636
ZFP69B,-0.288752276512229,2.36705555348448,-10.3589410177929,1.81372464791628e-20,6.26849368251236e-19,35.777599700393
WASF1,-0.269707438408961,2.9971094179793,-10.2373991965229,4.16136925254621e-20,1.38539625748543e-18,34.9565432937865
TRIP13,-0.292732741289284,3.12877065150792,-10.1098048485832,9.91906539029484e-20,3.12978169655473e-18,34.0979045530907
SERPINA1,0.299272854721727,3.0612173943931,10.1001082854991,1.05944590213617e-19,3.3236040387591e-18,34.0327946559068
DPP4,0.436296327386505,2.82525712233381,10.0853071346546,1.17146791219327e-19,3.6609494351741e-18,33.9334482837406
LHX2,-0.374743100791035,2.47480330189273,-10.054100224077,1.44777042927344e-19,4.49001502143301e-18,33.724142695709
ZIC2,-0.621978781595068,2.6082331609116,-9.99733589772932,2.12694252573544e-19,6.50972109236815e-18,33.3439766254946
RNF182,-0.473084584934198,2.60392807803359,-9.96853406572989,2.58465362123313e-19,7.7936145144503e-18,33.1513598321367
SOX11,-0.49771873055631,2.48427872206662,-9.92573648926807,3.45171198904804e-19,1.02191974006063e-17,32.8654934618567
SGMS2,0.263224595376573,2.87878901625444,9.9082248210017,3.88498088976591e-19,1.14603423607145e-17,32.7486458132924
NOSTRIN,0.292133991658271,2.64062648785786,9.84523899331962,5.94088262518278e-19,1.71528527901959e-17,32.3289604106199
FAM83D,-0.348930535662601,3.09525407641433,-9.81484584866817,7.28987821194783e-19,2.08997861637091e-17,32.1267806190324
E2F8,-0.361380238146094,2.71313711806773,-9.7430065539116,1.18142620778393e-18,3.28028393870296e-17,31.649777028051
C1orf116,0.371376191905169,2.98314027587749,9.65647752901683,2.10990642972987e-18,5.68907497325346e-17,31.0769149304147
SLC44A4,0.37452095503016,2.80703477180991,9.46135130425791,7.74943490565749e-18,1.93002338345024e-16,29.7920772249832
MLLT11,-0.310968834188938,3.25831472809933,-9.43818389654666,9.03804545719243e-18,2.23390356883606e-16,29.6401913122996
ANLN,-0.356437065729095,2.95414705231109,-9.35371674199276,1.58169698173092e-17,3.79444453867301e-16,29.0876524098987
GPR137C,-0.311945129614501,2.28985205231913,-9.18696650837951,4.74776890759388e-17,1.07271958711328e-15,28.0026806633966
CDKN2A,-0.267179910234228,2.86042699164906,-9.14043400909285,6.44324297688321e-17,1.4281062864388e-15,27.7013327581952
EYA2,-0.36336902188069,2.86227997669865,-9.11404404660517,7.65942284647278e-17,1.67532426228297e-15,27.5307109135801
HOXD11,-0.290292035682185,2.38023554312839,-9.11370104509904,7.67664530260693e-17,1.67642723991201e-15,27.5284946199168
FOXD1,-0.335895476143204,2.74151029880433,-9.10746717347325,7.9964427366948e-17,1.7437586373633e-15,27.4882207083656
MAOA,0.275373662697734,3.14571124687452,9.08843914090653,9.05672354207916e-17,1.95944736262516e-15,27.3653613483163
SCNN1B,0.331911566366728,2.83800924278158,9.04091604131042,1.23544965482412e-16,2.6207919660788e-15,27.0589879503188
PSAT1,-0.28376264812897,3.11009167646986,-9.03269686895441,1.30352472042735e-16,2.75802837410265e-15,27.0060691377726
SCN7A,0.318653063607512,2.47775954833594,9.02529087541008,1.3680484800725e-16,2.87589882157508e-15,26.9584034253067
HPN,0.292472606771705,2.91308701868224,9.01419380593407,1.47071313264093e-16,3.0758645298425e-15,26.8870126749005
TMEM163,0.333107358230791,3.01579666104218,8.92632563253644,2.60500411852267e-16,5.23342760904683e-15,26.3230604968934
EPDR1,0.26829836808273,3.21889723051066,8.9257534624732,2.61469993855771e-16,5.24644527646886e-15,26.319396027058
CEP55,-0.349658483000502,2.97839577118901,-8.90646332283017,2.96341416955819e-16,5.88820649792969e-15,26.1959118261697
HEPACAM2,-0.648442448328907,2.35724564251801,-8.86304118176975,3.92645889147479e-16,7.70786087805395e-15,25.918375576232
GOLT1A,0.322215368002324,2.74645548124704,8.85214057525989,4.21347878301288e-16,8.26135569558763e-15,25.8487968957772
FAM20A,0.267733669474001,2.66726005080419,8.75615106930253,7.82999301678826e-16,1.49218079536059e-14,25.2377364297704
HES6,-0.317941611703973,3.11551628244375,-8.7428233691789,8.53156177024852e-16,1.62020217879004e-14,25.1531291188472
ISL1,-0.560253445882087,2.37866683119333,-8.59332141888493,2.22523902066831e-15,4.00665829405764e-14,24.2080845491904
DLX1,-0.266707854737143,2.48266269577836,-8.5919282118679,2.24513152364489e-15,4.02913427340144e-14,24.1993129818111
RNF128,0.428018480204799,2.95780646108556,8.58235627880475,2.38665328127802e-15,4.26902137911056e-14,24.1390663982122
HOXD10,-0.265277815973674,2.44101083405141,-8.54015304402548,3.12379224544555e-15,5.48529848223393e-14,23.8738092361633
NT5E,0.284790373878292,2.74679501243278,8.53711427344968,3.18484929323441e-15,5.57451142924173e-14,23.8547334781203
SOX2,-0.32191994730247,2.82933506483793,-8.53639068411542,3.19956174460543e-15,5.59426052944785e-14,23.8501916452971
ZBTB16,0.319420172179085,2.63170037325806,8.51607916213347,3.64120954978066e-15,6.30563178190784e-14,23.7227739370234
FOLR1,0.414969610259763,3.14757022776314,8.46350738893408,5.08523188978921e-15,8.65019685277699e-14,23.3936486048611
POU4F1,-0.304013610167653,2.28056926034335,-8.35465484941737,1.01244664714045e-14,1.65990373415096e-13,22.7152821540618
PMAIP1,-0.354349797129096,3.12622625487697,-8.32415551917378,1.22700309017136e-14,1.97983198911626e-13,22.5259741546522
ARSE,0.37376261244905,2.76925939107483,8.27274474376985,1.69523224628866e-14,2.66933625807982e-13,22.2076379426744
ALOX15B,0.274349255442721,2.61880901000561,8.23635930776095,2.12979210965737e-14,3.29945856456227e-13,21.9829273247979
SLC16A4,0.333837412518279,2.82369406623328,8.22022400443827,2.3562484483636e-14,3.63266593156052e-13,21.8834357336717
PLA2G1B,0.373120433536359,2.49127182608827,8.22008918465061,2.35823773770772e-14,3.63266593156052e-13,21.8826048332299
SCGB1D2,-0.293672027007699,2.21519294518947,-8.1616607153122,3.39745703985557e-14,5.08465290744623e-13,21.5231499583137
PCDH19,-0.297087672710152,2.45766508583935,-8.15848413602417,3.46544696012507e-14,5.17690808246522e-13,21.5036444087416
RCAN2,0.273072454534868,3.08951562953936,8.1546203055494,3.54996541192159e-14,5.29347219055547e-13,21.4799240044848
SALL1,-0.332839399343269,2.12619913703164,-8.1509565974394,3.63199109827288e-14,5.40590061917204e-13,21.4574374055802
CACNA2D2,0.268592997040122,3.03205889582218,8.15029122214624,3.64708815441663e-14,5.42342288632621e-13,21.4533541047445
RNASE4,0.267015577288691,3.0876064410452,8.12734625190202,4.20751686818373e-14,6.20589716733103e-13,21.3126476734514
NR3C2,0.29783579402264,2.85285760085666,8.10910561904887,4.7132151633688e-14,6.91426969065065e-13,21.2009333790681
MTCL1,-0.28713911203015,2.91899173513734,-8.08530662329256,5.46447377213347e-14,7.91669277485021e-13,21.0553691782604
CLSTN2,-0.294389394945122,2.41363317575389,-8.07786238239132,5.72296100181433e-14,8.2545236801589e-13,21.0098820611062
NMU,-0.363466999424701,2.92631664686642,-7.95789388294391,1.20184725248645e-13,1.66291214841489e-12,20.2798123934719
ELOVL4,-0.302507870548876,2.56414160764595,-7.92104190849512,1.50783002670246e-13,2.05662468441449e-12,20.0566918889191
FMO5,0.293739865634562,2.57756631143436,7.75848236452122,4.07482843718128e-13,5.24232462900144e-12,19.079045333597
MSLN,0.446585387520493,2.71721346915576,7.69789920705446,5.88634716051659e-13,7.39214636100902e-12,18.7174890828554
STEAP4,0.385671226195294,2.79732741163908,7.6769683690252,6.68163150647662e-13,8.3204163942865e-12,18.5929347007129
FOXG1,-0.299217359315333,2.45974236721347,-7.6628490025263,7.27720689891505e-13,8.97302162826918e-12,18.5090187680664
SCEL,0.333082913372261,2.37397839838038,7.63165248786544,8.78559003675086e-13,1.07114596613989e-11,18.3239093559725
HOXA10,-0.266866444454733,2.74145483438489,-7.61591723813063,9.65977447780383e-13,1.1638101998258e-11,18.2307000022272
SLC6A15,-0.271363416426819,2.24898879565524,-7.59765084319933,1.07828546366666e-12,1.2877064984476e-11,18.1226308676469
INHBE,-0.326649792838375,2.19542974025903,-7.56552162846562,1.30799218701898e-12,1.54171073315323e-11,17.932895702816
C16orf89,0.405721282457178,2.97288243044909,7.55429500266306,1.39915965949359e-12,1.64086926853478e-11,17.8667040215996
ERP27,0.329860275769132,2.95392509101304,7.55177006419242,1.42051341274259e-12,1.66232677920156e-11,17.8518246700885
SMIM6,0.266401874932965,2.65862957118697,7.50963704208343,1.82826559818393e-12,2.09883861387575e-11,17.6039486553615
CPB2,0.47305911271696,2.49976042392568,7.44472257484275,2.69307594899452e-12,3.0256300245143e-11,17.2235793719272
AGR2,0.301594875675354,3.21520854997735,7.38829450732905,3.76553866953417e-12,4.13651396068086e-11,16.8944661874095
EPHA7,-0.293106439406755,2.28503048617081,-7.37674065998792,4.03237266058753e-12,4.40000636870664e-11,16.8272562593605
HLF,0.277339465262831,2.67090264795602,7.19131372487274,1.20016581467415e-11,1.21303004552536e-10,15.7569982978411
TCERG1L,-0.308040230317602,2.26647937306895,-7.18177080816753,1.26892972382653e-11,1.27384926675582e-10,15.7023516003103
GCNT3,0.270125509756405,2.82613292687292,7.15377150202877,1.4939169631445e-11,1.47698590422886e-10,15.5422648220475
PON3,0.311225727479179,3.22146760866089,7.13278462122679,1.68794779511439e-11,1.65776594712228e-10,15.4225161561065
PPM1E,-0.332659015141053,2.42726388505856,-7.03324544919481,3.00388597577226e-11,2.83025281077688e-10,14.8574386909168
IGFBPL1,-0.286678155303719,2.79971721101459,-7.02153817472954,3.21361105926137e-11,3.01112218321256e-10,14.7912928945276
CDCA7L,-0.274243589471699,3.13230353000324,-7.00574072188179,3.51964439681428e-11,3.27716661217073e-10,14.7021439190235
TUBB2B,-0.458510767026369,2.82353041821557,-6.99517131600177,3.74025896042863e-11,3.46281750405631e-10,14.6425664247281
NKX2-2,-0.336805037846219,2.3086418561002,-6.86698503389535,7.78531287823578e-11,6.87239226096647e-10,13.924412913016
IGF2BP3,-0.294816937943766,2.60396126129364,-6.85208287646064,8.47354976437196e-11,7.43966723930031e-10,13.8414583510064
SFTA2,0.509503762063253,3.00732864532487,6.74286305974663,1.57129625098808e-10,1.33017933276432e-09,13.236923454744
PGC,0.332241719017741,2.91286208631535,6.7401565454983,1.59540718684112e-10,1.34849105901239e-09,13.2220205493684
PDZK1IP1,0.312514543169774,2.94490074924,6.71501362996927,1.83752610090025e-10,1.53799708999414e-09,13.0837571584129
PRAME,-0.347849358521723,2.6812461155142,-6.66080059414463,2.48928397091892e-10,2.04366831492704e-09,12.786754055998
TMED6,0.398367665016915,2.55031360916889,6.5730065175081,4.0570674455144e-10,3.23001177348348e-09,12.3090592876525
PTH2R,-0.2723901819393,2.2889639735473,-6.55422723224844,4.50159934921603e-10,3.55615448831772e-09,12.2074116600953
NAPSA,0.378367526316567,3.25079289776739,6.52647481883067,5.24750460281295e-10,4.08799152749225e-09,12.0575409142509
MMP12,-0.374197216414185,3.21196734601682,-6.46010927304325,7.55926147150855e-10,5.77854884651916e-09,11.7008350290659
SFTPD,0.329472747210844,3.19601944918907,6.4324965243557,8.79312366871429e-10,6.64084381517297e-09,11.5531262414954
PEBP4,0.311964826406664,2.72070239604182,6.3996775189818,1.05186707523069e-09,7.81024469651261e-09,11.3781115135639
ACSM3,0.271650207438614,2.61306569013927,6.35689323461247,1.32750228445658e-09,9.68494846437397e-09,11.150847384547
LCN2,0.316869703738017,3.07080444024255,6.33767560951406,1.47332146767803e-09,1.06724214485932e-08,11.0490968095357
SLPI,0.269439740788223,3.40113983622126,6.33308744416374,1.51039691566902e-09,1.09167500599507e-08,11.0248345292984
CLGN,-0.3556761551085,2.80339212148055,-6.30438868352766,1.76397768582939e-09,1.26431318053317e-08,10.8733422150017
GPRC5A,0.278390788343486,2.87751536599471,6.2922239593954,1.88367131351537e-09,1.34302142208813e-08,10.8092675970455
SLC34A2,0.285882646356714,3.26526981343953,6.26544100089279,2.17599283145564e-09,1.53999874444841e-08,10.6684888055136
CEL,-0.328487941851347,2.60365285515921,-6.22437601879638,2.71263188964417e-09,1.88142704148662e-08,10.4534279051353
GNG4,-0.325414918490027,2.6087918408661,-6.22218321695969,2.74467953652263e-09,1.90042263494455e-08,10.4419709593114
CLIC3,0.277515259801272,2.80081938411934,6.09951038266057,5.27250424969823e-09,3.48926417141287e-08,9.80542542960598
SLC10A4,-0.288597189256071,2.2011343633991,-6.09907505846539,5.28465481367281e-09,3.49588702252411e-08,9.80318203810091
CPA3,0.284817913061189,3.03342787860743,6.08201763151452,5.78297652210381e-09,3.80029195160572e-08,9.71536558531159
NDNF,0.27544823859873,2.98846641996718,5.93069889080263,1.27703238125681e-08,7.89997316474869e-08,8.94383375351397
C19orf33,0.301221263082589,3.0627009432474,5.75153138319467,3.20760313372081e-08,1.85486103936149e-07,8.04809044653453
PIGR,0.276695664329581,3.00005887265554,5.73543339693786,3.48111559059312e-08,2.00096682978667e-07,7.96857157626577
CNTN3,0.288422378026827,2.66170158006109,5.69933821484506,4.17983726543822e-08,2.36181798791457e-07,7.7908573587866
SYT1,-0.316892940087841,2.58475951079732,-5.68932107231902,4.39689572890534e-08,2.47931420759187e-07,7.74168184127522
CXCL17,0.27320198942171,3.26915679376949,5.67340697786713,4.76455993798385e-08,2.67461342974297e-07,7.66368626379533
ST6GALNAC1,0.318010448442695,2.85046358292448,5.64761720186753,5.42503774948566e-08,3.01118206217624e-07,7.53762644542513
PCDH8,-0.3112559155624,2.17687097518379,-5.5866206943939,7.36305191233564e-08,4.00645316364014e-07,7.24114415971414
UGT8,-0.263584215225363,2.77530012555558,-5.56137581446211,8.34976596907991e-08,4.50131302886981e-07,7.11912763948783
TSPAN8,0.304778452989742,3.1034177119051,5.51845103506429,1.03312664011012e-07,5.46301292710418e-07,6.9125921725568
SPINK1,0.412588735849775,2.76198754091633,5.50682575684807,1.09424711788435e-07,5.76937725728748e-07,6.8568595605275
SCGB3A1,0.285087338651246,3.22073472348706,5.45162295799578,1.43600008617102e-07,7.41312322965438e-07,6.59340141491841
ASCL1,-0.395554679830429,2.70805536322968,-5.37829133820783,2.05442585532196e-07,1.0350169542269e-06,6.24648281279438
HPGD,0.281711758593818,2.91236231145584,5.18536608765771,5.18640519924713e-07,2.4214604469181e-06,5.35074649880724
CYP24A1,0.289969916938768,2.49367277608197,5.11752140597011,7.1423473454751e-07,3.26367261195337e-06,5.04168981566847
INSM1,-0.479170813521683,2.60971107021546,-5.10662889093996,7.51679754948139e-07,3.42326963776354e-06,4.99236244792843
GRP,-0.322855933665838,2.69731467361954,-5.05042405113518,9.77256101689582e-07,4.36527349037846e-06,4.73912782416074
SLC6A14,0.33684026305462,2.79877715251501,4.82908028233244,2.69189307537441e-06,1.1119992843399e-05,3.76319509480565
BPIFA1,0.336692786857144,2.90500301121388,4.74564788259787,3.91043870400469e-06,1.56927396256897e-05,3.40431950273764
FGG,0.35849737704765,2.86477683582453,4.5758848073512,8.23773623689776e-06,3.12051541589506e-05,2.68963263125571
TM4SF4,0.270015373803837,2.68024022230746,4.4993892987942,1.14492695341627e-05,4.23327139417037e-05,2.37450180407459
CEACAM6,0.273544508332015,3.30618867818361,4.229028310023,3.5454454684002e-05,0.000119893971654255,1.29589641260443
LGSN,0.292958936845477,2.54120428095233,4.0557980103163,7.11484118960568e-05,0.000226422950304404,0.634252434311572
SH3GL2,-0.301501474135625,2.3372798407984,-3.94859973271745,0.000108281172168747,0.000331716574946247,0.236597791253057
SCGB3A2,0.272122108677739,3.21322899278316,3.57622959054472,0.000435485419677527,0.00118164897724543,-1.07294495069147
MAGEA6,-0.266950472392272,2.60223646377026,-3.05723731826068,0.00253365702674547,0.00585515612371425,-2.70545902427514
